INSERT INTO "accounts" ("id","name","created_at","updated_at") VALUES (1,'Acme Corporation','2022-02-07 05:43:48','2022-02-07 05:43:48');
INSERT INTO "users" ("id","account_id","first_name","last_name","email","email_verified_at","password","owner","photo_path","remember_token","created_at","updated_at","deleted_at") VALUES (1,1,'John','Doe','johndoe@example.com','2022-02-07 05:43:48','$2y$10$0rGpyEM7j7XJ3GfqJL9Zh.0qIBIqaQC9a0uW0lSmt0k//JwgxtT4a',1,NULL,'utINlALfF3','2022-02-07 05:43:48','2022-02-07 05:43:48',NULL),
 (2,1,'Otha','Schuppe','nicola50@example.net','2022-02-07 05:43:48','$2y$10$92IXUNpkjO0rOQ5byMi.Ye4oKoEa3Ro9llC/.og/at2.uheWG/igi',0,NULL,'9DLd5kCe8l','2022-02-07 05:43:48','2022-02-07 05:43:48',NULL),
 (3,1,'Aniyah','Kerluke','fisher.cruz@example.org','2022-02-07 05:43:48','$2y$10$92IXUNpkjO0rOQ5byMi.Ye4oKoEa3Ro9llC/.og/at2.uheWG/igi',0,NULL,'siWhhVFBdt','2022-02-07 05:43:48','2022-02-07 05:43:48',NULL),
 (4,1,'Dillan','Walker','abshire.jose@example.com','2022-02-07 05:43:48','$2y$10$92IXUNpkjO0rOQ5byMi.Ye4oKoEa3Ro9llC/.og/at2.uheWG/igi',0,NULL,'q0ubMEDS28','2022-02-07 05:43:48','2022-02-07 05:43:48',NULL),
 (5,1,'Bryce','Rohan','izboncak@example.com','2022-02-07 05:43:48','$2y$10$92IXUNpkjO0rOQ5byMi.Ye4oKoEa3Ro9llC/.og/at2.uheWG/igi',0,NULL,'iJET7LCrYu','2022-02-07 05:43:48','2022-02-07 05:43:48',NULL),
 (6,1,'Raymundo','Schmidt','jarrett.hahn@example.com','2022-02-07 05:43:48','$2y$10$92IXUNpkjO0rOQ5byMi.Ye4oKoEa3Ro9llC/.og/at2.uheWG/igi',0,NULL,'LTEyy25ZWl','2022-02-07 05:43:48','2022-02-07 05:43:48',NULL);
INSERT INTO "organizations" ("id","account_id","name","email","phone","address","city","region","country","postal_code","created_at","updated_at","deleted_at") VALUES (1,1,'Kihn Ltd','rklocko@weimann.biz','1-800-461-9147','816 Franecki Plaza','West Johnpaulberg','Vermont','US','92876-5359','2022-02-07 05:43:48','2022-02-07 05:43:48',NULL),
 (2,1,'Stracke Inc','bernie.hayes@effertz.com','877-674-3594','50595 Kendra Stravenue','Mortonville','Montana','US','64744','2022-02-07 05:43:48','2022-02-07 05:43:48',NULL),
 (3,1,'Wilkinson, Bechtelar and Reinger','hintz.arturo@rath.biz','(844) 595-3962','254 Tom Mission','Leifview','Alaska','US','15903-5312','2022-02-07 05:43:48','2022-02-07 05:43:48',NULL),
 (4,1,'Heaney-Block','violet16@harvey.biz','855-614-7395','35027 Justen Mountains Suite 914','Merlinborough','Delaware','US','01945-6266','2022-02-07 05:43:48','2022-02-07 05:43:48',NULL),
 (5,1,'Howell Ltd','abagail.johnson@hyatt.com','866.266.4353','4917 Zita Estate Apt. 211','South Adan','Virginia','US','47510-5356','2022-02-07 05:43:48','2022-02-07 05:43:48',NULL),
 (6,1,'Smitham-Sporer','olson.alva@tillman.com','(844) 382-4544','4604 Conn Skyway','Lake Antonina','District of Columbia','US','00515-1863','2022-02-07 05:43:48','2022-02-07 05:43:48',NULL),
 (7,1,'McClure-Tillman','mittie.schowalter@casper.com','877-250-6350','74086 Sauer Flat Apt. 695','Brekkeside','Ohio','US','65442-5923','2022-02-07 05:43:48','2022-02-07 05:43:48',NULL),
 (8,1,'Dibbert PLC','kozey.jamie@fahey.biz','1-866-901-6274','12833 Schinner Crossroad Suite 775','West Spencer','West Virginia','US','77232','2022-02-07 05:43:48','2022-02-07 05:43:48',NULL),
 (9,1,'Jast-Vandervort','okunze@morissette.com','1-844-212-0264','1345 Kuhic Field Apt. 524','North Alvina','Illinois','US','92704-2849','2022-02-07 05:43:48','2022-02-07 05:43:48',NULL),
 (10,1,'Funk-Koepp','oberbrunner.stanton@brown.org','(855) 642-7130','817 Dion Garden','Lake Elinortown','New Mexico','US','07746','2022-02-07 05:43:48','2022-02-07 05:43:48',NULL),
 (11,1,'Reichert, Trantow and Doyle','cremin.rowan@jaskolski.com','800.869.6755','429 Nolan Turnpike','West Lizzieshire','Iowa','US','15624','2022-02-07 05:43:48','2022-02-07 05:43:48',NULL),
 (12,1,'Schmitt-Hilpert','imogene04@stoltenberg.com','(800) 898-3392','221 Rosetta Union','West Mavis','Utah','US','59970','2022-02-07 05:43:48','2022-02-07 05:43:48',NULL),
 (13,1,'Daugherty Ltd','kautzer.william@bauch.com','1-844-524-2088','65571 Huels Views Apt. 618','Pagacport','North Dakota','US','64325','2022-02-07 05:43:48','2022-02-07 05:43:48',NULL),
 (14,1,'Botsford-Strosin','riley62@durgan.com','(877) 422-9809','203 Jerrold Square','Mayerstad','Wisconsin','US','82542','2022-02-07 05:43:48','2022-02-07 05:43:48',NULL),
 (15,1,'Rice, Stoltenberg and Pouros','reid63@kilback.org','1-866-380-6253','15536 Alfonzo Ramp Suite 926','Port Leonardo','Georgia','US','09761','2022-02-07 05:43:48','2022-02-07 05:43:48',NULL),
 (16,1,'Herzog, Waters and Cormier','felicia.jones@ziemann.com','1-844-657-7174','2191 Morris Shore Apt. 491','Randalhaven','Maine','US','78537-4400','2022-02-07 05:43:48','2022-02-07 05:43:48',NULL),
 (17,1,'Pollich Ltd','luis92@powlowski.biz','855.223.8174','7260 Crystal Plains','Lake Leta','Oklahoma','US','97425-2634','2022-02-07 05:43:48','2022-02-07 05:43:48',NULL),
 (18,1,'O''Reilly Ltd','brett.luettgen@reilly.com','(866) 822-1008','24263 Lubowitz Harbor Suite 268','Destanyfort','South Carolina','US','02158','2022-02-07 05:43:48','2022-02-07 05:43:48',NULL),
 (19,1,'Hayes-Strosin','esteban.greenholt@senger.info','877-951-8253','7779 Conroy Extension','New Creola','Georgia','US','11254-2639','2022-02-07 05:43:48','2022-02-07 05:43:48',NULL),
 (20,1,'Waters, Strosin and Bernier','erik71@jones.com','1-866-615-3648','443 Huels Ford Apt. 804','East Michele','Michigan','US','14787-0049','2022-02-07 05:43:48','2022-02-07 05:43:48',NULL),
 (21,1,'Morar, Hammes and Oberbrunner','keegan.hegmann@abshire.biz','(800) 951-1775','1165 Aiyana Estate','South Amie','Alaska','US','60748','2022-02-07 05:43:48','2022-02-07 05:43:48',NULL),
 (22,1,'Kertzmann LLC','heather71@kohler.com','1-888-395-4207','8871 Jerrod Road Apt. 655','Matildaview','New York','US','09505','2022-02-07 05:43:48','2022-02-07 05:43:48',NULL),
 (23,1,'Dicki and Sons','marion09@witting.info','866-923-2548','69480 Mona Ridge Apt. 220','Port Liaview','Maine','US','09583','2022-02-07 05:43:48','2022-02-07 05:43:48',NULL),
 (24,1,'Ritchie, Klocko and Douglas','cummings.bessie@bradtke.com','(844) 278-0909','5473 Tatum Views Suite 312','West Eve','Tennessee','US','90088','2022-02-07 05:43:48','2022-02-07 05:43:48',NULL),
 (25,1,'Boyle-Wisoky','jailyn.morar@hoeger.com','1-866-432-9187','28552 Stark Green','North Dawson','Washington','US','75383-4461','2022-02-07 05:43:48','2022-02-07 05:43:48',NULL),
 (26,1,'Pacocha, Witting and Heaney','vena.upton@robel.info','1-877-395-5450','639 Antonietta Flats Suite 347','New Fredrickside','Nebraska','US','47590','2022-02-07 05:43:48','2022-02-07 05:43:48',NULL),
 (27,1,'Ratke-Paucek','fritsch.darrin@hane.info','(877) 558-8132','15477 Hahn Knolls','South Adell','North Dakota','US','88086','2022-02-07 05:43:48','2022-02-07 05:43:48',NULL),
 (28,1,'Oberbrunner-Bailey','douglas.malika@gleason.com','855-887-3095','62602 Reichert Mills Suite 356','Kutchhaven','Georgia','US','46000-1183','2022-02-07 05:43:48','2022-02-07 05:43:48',NULL),
 (29,1,'Kessler, Kuhlman and Strosin','xmetz@langosh.com','888.404.2632','8475 Abigayle Glens','Lake Rosemouth','Hawaii','US','31465','2022-02-07 05:43:48','2022-02-07 05:43:48',NULL),
 (30,1,'Crooks, Reichert and Heller','sophie53@olson.com','(888) 867-9624','92345 Hector Junction','Jenafort','Delaware','US','25553-3232','2022-02-07 05:43:48','2022-02-07 05:43:48',NULL),
 (31,1,'Yundt, Batz and Casper','enos65@gottlieb.com','1-800-201-8410','796 Edd Walk Suite 891','Deshawnview','Alaska','US','34052','2022-02-07 05:43:48','2022-02-07 05:43:48',NULL),
 (32,1,'Hahn, Crist and Kovacek','joany.grant@erdman.org','(866) 468-5589','1985 Kattie Circles Apt. 749','Lempimouth','Maine','US','13062-5316','2022-02-07 05:43:48','2022-02-07 05:43:48',NULL),
 (33,1,'Swift, Metz and Larson','schneider.alvena@kessler.com','(866) 332-7543','8217 Schimmel Land Apt. 782','Dedrickport','West Virginia','US','89549','2022-02-07 05:43:48','2022-02-07 05:43:48',NULL),
 (34,1,'Hamill-Feil','oconner.don@connelly.info','888.404.2263','3603 Elijah Estates Apt. 705','Crooksmouth','Colorado','US','01089-0703','2022-02-07 05:43:48','2022-02-07 05:43:48',NULL),
 (35,1,'Hessel, Dickinson and Marks','zschuppe@walker.org','1-866-835-7662','835 Jacobi Mountain Apt. 982','Queenieside','Texas','US','62770','2022-02-07 05:43:48','2022-02-07 05:43:48',NULL),
 (36,1,'Mann PLC','forest03@stehr.com','855-575-1852','2966 Rosendo Square Suite 389','North Jamel','Wisconsin','US','19490-9590','2022-02-07 05:43:48','2022-02-07 05:43:48',NULL),
 (37,1,'Treutel-Christiansen','ywitting@mann.com','(866) 259-4580','507 Liza Club','Port Cortney','New Hampshire','US','24341','2022-02-07 05:43:48','2022-02-07 05:43:48',NULL),
 (38,1,'Sporer-Lynch','pfannerstill.cole@ruecker.com','(866) 617-9536','572 Jenkins Causeway','South Kurtisstad','Kansas','US','18906-5079','2022-02-07 05:43:48','2022-02-07 05:43:48',NULL),
 (39,1,'Cummings and Sons','theodora20@walsh.com','866.933.8275','34476 Thiel Lane Apt. 176','East Mortimer','New Jersey','US','19213-6686','2022-02-07 05:43:48','2022-02-07 05:43:48',NULL),
 (40,1,'Tremblay Group','adams.abelardo@weimann.biz','877-232-6490','179 Kerluke Underpass Suite 444','Greggmouth','Arkansas','US','96443','2022-02-07 05:43:48','2022-02-07 05:43:48',NULL),
 (41,1,'Lowe LLC','darron.kuvalis@hane.com','888.250.0870','970 Predovic Road','New Feltonport','Maryland','US','00310','2022-02-07 05:43:48','2022-02-07 05:43:48',NULL),
 (42,1,'Herzog Inc','ubaldo.ledner@johnson.com','877.992.8807','1901 Lizeth Path','Schultzstad','South Dakota','US','53046-6068','2022-02-07 05:43:48','2022-02-07 05:43:48',NULL),
 (43,1,'Bednar-Terry','delilah.mertz@padberg.com','800-308-8163','359 Thad Road','Buckridgebury','Nevada','US','31425','2022-02-07 05:43:48','2022-02-07 05:43:48',NULL),
 (44,1,'Hagenes and Sons','vhessel@effertz.com','877-903-5544','2395 Dianna Street Apt. 651','Angelofurt','Kentucky','US','04992-3870','2022-02-07 05:43:48','2022-02-07 05:43:48',NULL),
 (45,1,'Smith, Hegmann and Kulas','brionna.dooley@gutkowski.org','(855) 767-0956','8104 Leatha Neck Suite 965','Port Jaleel','Arkansas','US','35389','2022-02-07 05:43:48','2022-02-07 05:43:48',NULL),
 (46,1,'Rodriguez-Kozey','friedrich92@mayer.com','(888) 217-0885','16555 Kadin Mountain Apt. 050','West Caylamouth','Massachusetts','US','46602-4455','2022-02-07 05:43:48','2022-02-07 05:43:48',NULL),
 (47,1,'Fadel, Marquardt and Bartell','acummerata@moen.com','855.993.2210','2989 Yessenia Port Suite 272','Vernaport','New Jersey','US','32453','2022-02-07 05:43:48','2022-02-07 05:43:48',NULL),
 (48,1,'Howell Group','bdurgan@boyle.org','855-423-9538','57210 Juliet Orchard Suite 547','Walterstad','Montana','US','40462-9075','2022-02-07 05:43:48','2022-02-07 05:43:48',NULL),
 (49,1,'Ankunding Group','wuckert.bennett@dietrich.com','855-824-6211','2199 Conn Parkways Suite 258','West Rogeliomouth','Kentucky','US','25061-5153','2022-02-07 05:43:48','2022-02-07 05:43:48',NULL),
 (50,1,'Kuhlman Group','mcglynn.daphnee@wisozk.net','(800) 477-3312','985 Schmitt Fall Suite 320','Port Jamir','North Carolina','US','02353-7870','2022-02-07 05:43:48','2022-02-07 05:43:48',NULL),
 (51,1,'Fay Inc','dejuan.herman@streich.biz','800-248-5312','4048 Alanna Wells Suite 943','Simfort','Washington','US','39013','2022-02-07 05:43:48','2022-02-07 05:43:48',NULL),
 (52,1,'Kautzer Ltd','augusta67@brakus.info','888-304-1818','105 German Springs','Hopebury','Virginia','US','43119','2022-02-07 05:43:48','2022-02-07 05:43:48',NULL),
 (53,1,'Weissnat, Bergstrom and Tillman','miller.ursula@padberg.net','844-867-0781','74746 Ortiz Passage','Fosterchester','Nevada','US','14592','2022-02-07 05:43:48','2022-02-07 05:43:48',NULL),
 (54,1,'Rutherford Group','aleen.schuppe@eichmann.com','1-866-309-1959','71075 Claudine Keys','Bartolettistad','South Carolina','US','92339','2022-02-07 05:43:48','2022-02-07 05:43:48',NULL),
 (55,1,'Altenwerth-Schuster','mitchell.roscoe@sanford.com','1-800-890-8767','964 Graham Courts','Port Friedrichberg','South Carolina','US','26255-5439','2022-02-07 05:43:48','2022-02-07 05:43:48',NULL),
 (56,1,'Mueller LLC','mueller.hollis@corwin.info','888-954-0092','66945 Hill Burg Suite 265','North Misael','Texas','US','39386','2022-02-07 05:43:48','2022-02-07 05:43:48',NULL),
 (57,1,'Rogahn, Lockman and Nolan','charley63@mayer.com','844.696.8839','68812 Lou Dam','Gerholdmouth','Mississippi','US','90243-6321','2022-02-07 05:43:48','2022-02-07 05:43:48',NULL),
 (58,1,'Ratke, Kassulke and White','vella78@wilkinson.com','877.555.1429','6886 Erich Dam','Baileymouth','South Dakota','US','01257','2022-02-07 05:43:48','2022-02-07 05:43:48',NULL),
 (59,1,'Mann PLC','hkuhic@lehner.com','1-855-334-4641','54725 Jacobs Squares Suite 674','West Kailynborough','Colorado','US','42711','2022-02-07 05:43:48','2022-02-07 05:43:48',NULL),
 (60,1,'Kovacek, Hirthe and Toy','fahey.brielle@frami.com','855-449-2371','76810 Lucious Stream','Georgiannaland','Connecticut','US','30341-3143','2022-02-07 05:43:48','2022-02-07 05:43:48',NULL),
 (61,1,'Kris, Brekke and Gulgowski','iosinski@waters.info','855.236.1532','54319 Tanya Extensions Suite 880','Port Curt','District of Columbia','US','62124-7001','2022-02-07 05:43:48','2022-02-07 05:43:48',NULL),
 (62,1,'Christiansen, Walsh and Padberg','jacinto.brakus@lockman.org','(877) 376-9785','78578 Johnston Corners Apt. 972','Stromanton','California','US','07079-0765','2022-02-07 05:43:48','2022-02-07 05:43:48',NULL),
 (63,1,'Feeney-Dooley','jthompson@lockman.com','(888) 508-8678','32618 Keyshawn Ferry','Goyettehaven','Kentucky','US','70889-4984','2022-02-07 05:43:48','2022-02-07 05:43:48',NULL),
 (64,1,'Okuneva-Rau','abshire.osvaldo@schimmel.com','1-844-614-2848','1235 Schowalter Springs','North Marjory','Virginia','US','00938-6875','2022-02-07 05:43:48','2022-02-07 05:43:48',NULL),
 (65,1,'Stark-Waters','clark.ryan@bauch.com','1-888-226-6428','37432 Paige Key Apt. 904','South Keonland','Ohio','US','67369-7308','2022-02-07 05:43:48','2022-02-07 05:43:48',NULL),
 (66,1,'Gorczany, Schamberger and Zboncak','deja.greenholt@rogahn.net','1-844-970-7200','507 Clifton Place','Nienowview','Florida','US','22789','2022-02-07 05:43:48','2022-02-07 05:43:48',NULL),
 (67,1,'Lebsack, Gottlieb and Hodkiewicz','xrodriguez@zemlak.com','(855) 384-2387','8502 Tomas Loaf','New Roycechester','Indiana','US','46558-1303','2022-02-07 05:43:48','2022-02-07 05:43:48',NULL),
 (68,1,'Barrows, Boehm and Jacobs','kobe72@wehner.info','(844) 874-5851','78668 Johnathon Lights Suite 354','New Fayemouth','Maine','US','12147','2022-02-07 05:43:48','2022-02-07 05:43:48',NULL),
 (69,1,'Bradtke, Gaylord and Goodwin','kianna73@sauer.info','800-697-2042','6146 Mittie Lights Apt. 831','Westland','Nebraska','US','51432','2022-02-07 05:43:48','2022-02-07 05:43:48',NULL),
 (70,1,'Schowalter, Turner and Rolfson','daisy19@yundt.com','877-490-6277','5570 Foster Vista','North Alan','Hawaii','US','65523-2481','2022-02-07 05:43:48','2022-02-07 05:43:48',NULL),
 (71,1,'Satterfield PLC','leland.oconner@kuvalis.org','1-888-783-2803','690 Bogisich Prairie Suite 330','Niafurt','Texas','US','04157-3005','2022-02-07 05:43:48','2022-02-07 05:43:48',NULL),
 (72,1,'Stokes-Mayert','hill.ferne@hammes.com','844.760.5656','4879 Rutherford Expressway','South Lornaland','Pennsylvania','US','27641','2022-02-07 05:43:48','2022-02-07 05:43:48',NULL),
 (73,1,'Armstrong, Kuhic and Watsica','leatha17@fahey.info','800-497-3339','26909 Gideon Island','South Helgashire','North Dakota','US','08524-8263','2022-02-07 05:43:48','2022-02-07 05:43:48',NULL),
 (74,1,'Reilly, Smith and Upton','luis70@kris.com','877.604.2908','92018 Emerson Land Suite 687','Wildermanville','Ohio','US','08095-4488','2022-02-07 05:43:48','2022-02-07 05:43:48',NULL),
 (75,1,'Sanford Ltd','andreane.trantow@hintz.info','1-855-216-1546','694 Barrows Track','Marilyneberg','Minnesota','US','70152','2022-02-07 05:43:48','2022-02-07 05:43:48',NULL),
 (76,1,'Quitzon, McGlynn and Beer','dejah.zieme@ebert.biz','866-206-4179','1218 Heloise Pike','Hermistonside','Maine','US','00788-0909','2022-02-07 05:43:48','2022-02-07 05:43:48',NULL),
 (77,1,'Hettinger, Roob and O''Connell','dkoch@hand.org','855.637.9813','9031 Welch Fields','Domenicoview','Massachusetts','US','90529','2022-02-07 05:43:48','2022-02-07 05:43:48',NULL),
 (78,1,'Jerde Ltd','amelie.auer@hirthe.com','877-307-6466','2240 Ruecker Ville','Lake Margarett','North Carolina','US','21135-5507','2022-02-07 05:43:48','2022-02-07 05:43:48',NULL),
 (79,1,'Stoltenberg-Kovacek','mcglynn.wanda@deckow.com','(888) 344-2366','991 Lilla Crescent','West Braeden','Mississippi','US','87621-7156','2022-02-07 05:43:48','2022-02-07 05:43:48',NULL),
 (80,1,'Quigley, Fay and Corkery','eda89@cummerata.com','855-705-0012','6719 Feest Burgs Suite 111','Quitzonborough','Rhode Island','US','57523','2022-02-07 05:43:48','2022-02-07 05:43:48',NULL),
 (81,1,'Hauck-Waelchi','kayleigh.bruen@gerhold.org','1-888-818-8605','5625 Schaefer Extensions','Cronamouth','Arizona','US','09484','2022-02-07 05:43:48','2022-02-07 05:43:48',NULL),
 (82,1,'Rau, Stiedemann and Fay','grant.alexanne@keeling.com','844-548-5656','88721 Mann Neck Apt. 079','Ziemannshire','California','US','71369','2022-02-07 05:43:48','2022-02-07 05:43:48',NULL),
 (83,1,'Kiehn-Mills','harmony28@hand.com','(866) 530-3947','214 Geovanny Vista','East Tina','Louisiana','US','31870-6127','2022-02-07 05:43:48','2022-02-07 05:43:48',NULL),
 (84,1,'Haley-Casper','bridie.cruickshank@schumm.com','877.380.7394','565 Elena Lights','Port Woodrowport','Louisiana','US','71048-5454','2022-02-07 05:43:48','2022-02-07 05:43:48',NULL),
 (85,1,'Beer Inc','abshire.imelda@baumbach.org','844-721-6852','97619 Auer Plaza','Angelitaborough','Idaho','US','35928','2022-02-07 05:43:48','2022-02-07 05:43:48',NULL),
 (86,1,'Cartwright-Rath','alayna01@roberts.net','855.593.8425','66569 Monte Junction','East Antonettaburgh','North Carolina','US','48251-2268','2022-02-07 05:43:48','2022-02-07 05:43:48',NULL),
 (87,1,'Bradtke, Padberg and Pagac','garland.buckridge@harvey.com','800.539.6024','60713 Stehr Squares Suite 516','Hilariotown','West Virginia','US','44515','2022-02-07 05:43:48','2022-02-07 05:43:48',NULL),
 (88,1,'Kutch, Brakus and Mosciski','schmidt.kathryn@torphy.com','844.221.6027','1945 Allan Radial','South Beryl','Texas','US','69831-1558','2022-02-07 05:43:48','2022-02-07 05:43:48',NULL),
 (89,1,'Brakus, Osinski and Lakin','shayna.konopelski@marquardt.net','(855) 994-1333','3131 Geo Pine Apt. 207','West Wilsonmouth','Wisconsin','US','68423-6241','2022-02-07 05:43:48','2022-02-07 05:43:48',NULL),
 (90,1,'Gottlieb Group','howell.emmerich@bins.net','1-844-280-6896','468 Rick Drive Apt. 580','Jacobsonchester','Wisconsin','US','99143-0638','2022-02-07 05:43:48','2022-02-07 05:43:48',NULL),
 (91,1,'Romaguera, Goodwin and Lebsack','marlee36@johns.com','(866) 541-4393','1175 Kuphal Rest Apt. 435','Hattietown','Connecticut','US','70316','2022-02-07 05:43:48','2022-02-07 05:43:48',NULL),
 (92,1,'Thompson LLC','plowe@ruecker.com','877-981-9850','5392 Marquardt Falls Apt. 640','East Georgeburgh','District of Columbia','US','31284-3268','2022-02-07 05:43:48','2022-02-07 05:43:48',NULL),
 (93,1,'Roberts-Bernier','claire.waelchi@klein.com','1-855-639-9281','7527 Maxwell Lodge Suite 952','North Stacychester','Wisconsin','US','74688','2022-02-07 05:43:48','2022-02-07 05:43:48',NULL),
 (94,1,'Luettgen PLC','vherzog@runolfsdottir.com','855-656-5997','70751 Veum Spur Suite 751','Durgantown','Minnesota','US','55346-0385','2022-02-07 05:43:48','2022-02-07 05:43:48',NULL),
 (95,1,'Schinner PLC','demetris.hayes@goodwin.info','866-613-6545','82830 Jacky Greens','New Moriah','Iowa','US','34331','2022-02-07 05:43:48','2022-02-07 05:43:48',NULL),
 (96,1,'Paucek-Willms','wlang@gottlieb.com','1-866-532-9447','6307 Roob Pike','Bernardberg','Kansas','US','03943','2022-02-07 05:43:48','2022-02-07 05:43:48',NULL),
 (97,1,'Gutkowski, Carter and Lindgren','oshanahan@hodkiewicz.net','800.758.2327','8009 Reichert Throughway','North Aurelie','South Dakota','US','80821-5902','2022-02-07 05:43:48','2022-02-07 05:43:48',NULL),
 (98,1,'Howell-Rodriguez','dannie.grimes@konopelski.com','877.880.4638','429 Danika Junctions Apt. 995','New Danykafort','South Dakota','US','64713','2022-02-07 05:43:48','2022-02-07 05:43:48',NULL),
 (99,1,'Bechtelar-Harris','okoch@hauck.com','866.640.4919','742 Kenton Point','West Nicklaus','Wyoming','US','73295-0036','2022-02-07 05:43:48','2022-02-07 05:43:48',NULL),
 (100,1,'Koelpin, Welch and Schulist','parker.lacey@runolfsson.com','866-721-2019','25821 Mozell Ports Apt. 667','Auershire','New Jersey','US','49053','2022-02-07 05:43:48','2022-02-07 05:43:48',NULL);
INSERT INTO "contacts" ("id","account_id","organization_id","first_name","last_name","email","phone","address","city","region","country","postal_code","created_at","updated_at","deleted_at") VALUES (1,1,33,'Ike','Mills','zane.rath@example.org','866-260-7755','53810 Denesik Course','Lake Darron','Illinois','US','91205-3641','2022-02-07 05:43:48','2022-02-07 05:43:48',NULL),
 (2,1,53,'Dane','VonRueden','gavin56@example.com','877-809-4830','187 Nitzsche Garden','Lake Boydmouth','Connecticut','US','30140','2022-02-07 05:43:48','2022-02-07 05:43:48',NULL),
 (3,1,35,'Ivy','Osinski','miller.gilda@example.com','1-888-816-6123','14389 Kemmer Coves Suite 658','Lake Saul','Iowa','US','72855','2022-02-07 05:43:48','2022-02-07 05:43:48',NULL),
 (4,1,42,'Aric','Larkin','dthiel@example.net','(877) 852-6839','2444 Quitzon Forks Suite 255','Stoneton','Kansas','US','78527','2022-02-07 05:43:48','2022-02-07 05:43:48',NULL),
 (5,1,21,'Sylvester','Bartell','tcollins@example.org','1-866-835-6580','409 Adella Path Apt. 117','East Elvisshire','Alabama','US','49274','2022-02-07 05:43:48','2022-02-07 05:43:48',NULL),
 (6,1,5,'Erich','Beier','morissette.ruben@example.com','1-866-344-8145','5587 Tamara Stravenue','Erlingside','Wyoming','US','54861','2022-02-07 05:43:48','2022-02-07 05:43:48',NULL),
 (7,1,95,'Sadie','Swaniawski','ron24@example.net','(844) 548-9074','2177 Cale Fall Suite 048','Lake Ladariusborough','Rhode Island','US','76891-2710','2022-02-07 05:43:48','2022-02-07 05:43:48',NULL),
 (8,1,91,'Garrison','Schiller','ortiz.ariane@example.com','1-800-306-6295','591 Terry Station Suite 060','West Jedidiahhaven','Tennessee','US','94566-7202','2022-02-07 05:43:48','2022-02-07 05:43:48',NULL),
 (9,1,38,'Barbara','Kris','xrice@example.net','(855) 417-3172','28100 Terry Walk','Jakestad','Louisiana','US','76262','2022-02-07 05:43:48','2022-02-07 05:43:48',NULL),
 (10,1,52,'Gwendolyn','Predovic','violette.nienow@example.com','855.248.8404','1527 Rohan Burg','Reillymouth','Alabama','US','26700-8222','2022-02-07 05:43:48','2022-02-07 05:43:48',NULL),
 (11,1,8,'Golden','Kutch','feeney.lindsay@example.org','844.692.1449','952 Goldner Groves','Connellyton','Missouri','US','01756-7381','2022-02-07 05:43:48','2022-02-07 05:43:48',NULL),
 (12,1,37,'Ashleigh','Ebert','floy.howell@example.org','1-888-720-4625','73973 Eichmann Shoals','North Josianeton','Iowa','US','98443-7652','2022-02-07 05:43:48','2022-02-07 05:43:48',NULL),
 (13,1,1,'Carmela','Baumbach','atorp@example.com','1-888-728-5526','604 Aurelie Divide','North Granttown','Hawaii','US','81923','2022-02-07 05:43:48','2022-02-07 05:43:48',NULL),
 (14,1,22,'Elyssa','Kerluke','rhill@example.net','866-726-5772','5978 Lesley Forge','South Lula','New Hampshire','US','94988-0347','2022-02-07 05:43:48','2022-02-07 05:43:48',NULL),
 (15,1,95,'Teagan','Goodwin','qjacobs@example.com','(800) 680-2317','11254 Alvena Track Apt. 119','Eichmannstad','Virginia','US','14905-2571','2022-02-07 05:43:48','2022-02-07 05:43:48',NULL),
 (16,1,28,'Kaleb','Blick','jschmitt@example.com','888-548-3412','502 Morar Lane','Port Cathy','Michigan','US','80019','2022-02-07 05:43:48','2022-02-07 05:43:48',NULL),
 (17,1,27,'Clemmie','Purdy','hal10@example.org','(844) 997-8230','1888 Sawayn Station Apt. 542','Port Oral','Idaho','US','26381-7866','2022-02-07 05:43:48','2022-02-07 05:43:48',NULL),
 (18,1,52,'Estella','Franecki','kulas.rowland@example.net','844-670-9162','71242 Jaeden Harbors Suite 912','Dallinview','Texas','US','18720-2202','2022-02-07 05:43:48','2022-02-07 05:43:48',NULL),
 (19,1,73,'Sabina','Kunze','birdie11@example.com','888-225-0000','36496 Lemuel Plaza Suite 869','Jaskolskiborough','Hawaii','US','75620-0000','2022-02-07 05:43:48','2022-02-07 05:43:48',NULL),
 (20,1,16,'Laurianne','McCullough','allison64@example.net','800-441-5454','3655 Armstrong Camp Apt. 708','Carrollmouth','Virginia','US','05009-6375','2022-02-07 05:43:48','2022-02-07 05:43:48',NULL),
 (21,1,22,'Alexzander','Wiza','hermann.queen@example.org','888-667-0878','27043 Corwin Wells','Medhurstborough','Hawaii','US','09690','2022-02-07 05:43:48','2022-02-07 05:43:48',NULL),
 (22,1,12,'Ericka','Beier','green.stone@example.org','844.390.7489','28408 Carroll Plains Apt. 262','East Sammie','West Virginia','US','78434','2022-02-07 05:43:48','2022-02-07 05:43:48',NULL),
 (23,1,82,'Betsy','Crona','zbahringer@example.net','888.409.3889','92934 Ali Gateway Suite 294','Port Hazelstad','Vermont','US','80850-9483','2022-02-07 05:43:48','2022-02-07 05:43:48',NULL),
 (24,1,8,'Myrtle','Kessler','yadira.kuphal@example.net','1-800-790-6270','3611 Destany Lodge Suite 477','Millerburgh','Indiana','US','06734-4918','2022-02-07 05:43:48','2022-02-07 05:43:48',NULL),
 (25,1,91,'Magali','Ruecker','ernser.kristin@example.org','1-888-342-4853','9707 Jalyn Rest Apt. 246','North Bethany','South Carolina','US','09854','2022-02-07 05:43:48','2022-02-07 05:43:48',NULL),
 (26,1,72,'Merritt','Dooley','katheryn.conroy@example.org','800.537.9383','5028 Haylie Dale Suite 990','Damarismouth','Alabama','US','01894-7640','2022-02-07 05:43:48','2022-02-07 05:43:48',NULL),
 (27,1,28,'Jeffry','Bradtke','nmoore@example.net','844.516.4763','8941 White Vista','Bashirianborough','Tennessee','US','93945','2022-02-07 05:43:48','2022-02-07 05:43:48',NULL),
 (28,1,20,'Toni','Satterfield','kiarra.moore@example.org','1-877-474-9168','729 Hodkiewicz Canyon Suite 959','New Mason','South Carolina','US','18566-3467','2022-02-07 05:43:48','2022-02-07 05:43:48',NULL),
 (29,1,29,'Emmitt','Jaskolski','johnson.wayne@example.org','800-843-7622','45135 Herman Squares Apt. 933','Alizetown','Louisiana','US','09881','2022-02-07 05:43:48','2022-02-07 05:43:48',NULL),
 (30,1,23,'Kaden','Lehner','sgrant@example.com','1-844-223-3971','6338 Padberg Drives','Rubyemouth','Ohio','US','41588','2022-02-07 05:43:48','2022-02-07 05:43:48',NULL),
 (31,1,92,'Christopher','Bernhard','winona78@example.net','844-389-4719','24438 Baumbach Park','South Marcellus','Indiana','US','74413','2022-02-07 05:43:48','2022-02-07 05:43:48',NULL),
 (32,1,12,'Donnie','Considine','bruen.macey@example.net','(866) 636-5257','2465 Jules Shore Apt. 121','Goodwinview','Kentucky','US','34236','2022-02-07 05:43:48','2022-02-07 05:43:48',NULL),
 (33,1,4,'Geoffrey','Homenick','gusikowski.esther@example.com','1-877-888-5112','7704 Patricia Cove Apt. 444','East Annabel','Florida','US','25013','2022-02-07 05:43:48','2022-02-07 05:43:48',NULL),
 (34,1,16,'Paige','VonRueden','sanford.dorothea@example.com','888-871-0938','37876 Ursula Mountain Suite 011','Melbashire','Mississippi','US','27666','2022-02-07 05:43:48','2022-02-07 05:43:48',NULL),
 (35,1,1,'Jessika','Littel','batz.josiah@example.org','1-855-594-7562','2712 Maybelle Drive Apt. 186','Kreigerton','Indiana','US','96523','2022-02-07 05:43:48','2022-02-07 05:43:48',NULL),
 (36,1,26,'Marie','Prohaska','mathias70@example.net','866.981.6878','706 Mark Bypass Apt. 686','Lake Ashleeburgh','Alaska','US','61095-6030','2022-02-07 05:43:48','2022-02-07 05:43:48',NULL),
 (37,1,56,'Brody','O''Kon','haven.murazik@example.org','855.249.4324','48058 Murray Common Suite 277','Hettieport','Wisconsin','US','14394-8861','2022-02-07 05:43:48','2022-02-07 05:43:48',NULL),
 (38,1,53,'Evangeline','Legros','johnpaul07@example.org','800-537-7373','271 Marge Ranch','Lake Eudora','Indiana','US','56911','2022-02-07 05:43:48','2022-02-07 05:43:48',NULL),
 (39,1,36,'Cale','Wisoky','dibbert.athena@example.org','800-522-1049','5955 Rogahn Hill','Rosenbaumburgh','Texas','US','43100-7213','2022-02-07 05:43:48','2022-02-07 05:43:48',NULL),
 (40,1,56,'Bettye','Moore','pdaugherty@example.com','(855) 657-4195','9685 Gulgowski Village','Ilianaburgh','California','US','18036-4611','2022-02-07 05:43:48','2022-02-07 05:43:48',NULL),
 (41,1,52,'Kiara','Barrows','snader@example.net','1-855-533-1788','7422 Johan Junction Apt. 436','New Christa','Florida','US','08448','2022-02-07 05:43:48','2022-02-07 05:43:48',NULL),
 (42,1,28,'Kyleigh','Satterfield','johns.imani@example.org','800.695.4257','4602 Roy Forges','Lake Emiliefort','Alaska','US','23477-0688','2022-02-07 05:43:48','2022-02-07 05:43:48',NULL),
 (43,1,68,'Graham','Ferry','jaiden17@example.com','1-855-544-3665','4757 Breitenberg Heights Apt. 866','Lorihaven','Maryland','US','74204','2022-02-07 05:43:48','2022-02-07 05:43:48',NULL),
 (44,1,8,'Dawn','Bergstrom','ankunding.willy@example.net','(855) 256-5739','2252 Lonie Lock Suite 104','Andersonport','Idaho','US','31720-5429','2022-02-07 05:43:48','2022-02-07 05:43:48',NULL),
 (45,1,56,'Kamryn','Stamm','nitzsche.edna@example.com','1-877-490-2715','597 Marquardt Trail','New Letha','Tennessee','US','94053','2022-02-07 05:43:48','2022-02-07 05:43:48',NULL),
 (46,1,16,'Pietro','Turcotte','iokon@example.org','866-967-1929','7688 Carter Plain','South Saul','Indiana','US','93663','2022-02-07 05:43:48','2022-02-07 05:43:48',NULL),
 (47,1,92,'Emiliano','Mosciski','zemlak.ellen@example.com','1-844-478-2212','752 Ziemann Course','Noeville','New Mexico','US','76051-4588','2022-02-07 05:43:48','2022-02-07 05:43:48',NULL),
 (48,1,41,'Bobby','Nitzsche','fcummings@example.org','1-888-510-3205','953 Ruecker Isle Apt. 035','Carmineport','Tennessee','US','50132-6392','2022-02-07 05:43:48','2022-02-07 05:43:48',NULL),
 (49,1,24,'Barry','Pouros','nkeebler@example.org','1-844-234-7354','6916 Delfina Brook','Tremblaymouth','Rhode Island','US','38650-6122','2022-02-07 05:43:48','2022-02-07 05:43:48',NULL),
 (50,1,70,'Reese','Lind','white.schuyler@example.org','(866) 317-5291','367 Miracle Village Suite 247','Ferryburgh','Iowa','US','56221-3057','2022-02-07 05:43:48','2022-02-07 05:43:48',NULL),
 (51,1,87,'Roma','Christiansen','adelia.frami@example.org','866-355-1681','2800 Deontae Burgs Apt. 900','West Christ','Ohio','US','31806-4118','2022-02-07 05:43:48','2022-02-07 05:43:48',NULL),
 (52,1,43,'Anabel','Hoppe','shields.yadira@example.net','855.598.5394','80953 Schiller Loaf','East Elsiestad','Florida','US','86966','2022-02-07 05:43:48','2022-02-07 05:43:48',NULL),
 (53,1,62,'Cortez','Ledner','larkin.marlene@example.org','800.368.3056','92264 Shayna Lane','Madisonhaven','Nevada','US','46895','2022-02-07 05:43:48','2022-02-07 05:43:48',NULL),
 (54,1,54,'Meta','Little','orrin.stracke@example.org','855-805-4283','314 Johnston Way Suite 811','Hodkiewicztown','New York','US','64478-5712','2022-02-07 05:43:48','2022-02-07 05:43:48',NULL),
 (55,1,27,'Aurelio','Morissette','calista56@example.com','1-855-481-9165','47937 Caterina Spurs','Port Karellemouth','South Carolina','US','32497-4594','2022-02-07 05:43:48','2022-02-07 05:43:48',NULL),
 (56,1,39,'Vida','Klocko','wdonnelly@example.org','(877) 837-8613','779 Nienow Point Suite 746','South Letitiahaven','Tennessee','US','19431','2022-02-07 05:43:48','2022-02-07 05:43:48',NULL),
 (57,1,27,'Ken','Yundt','haskell96@example.org','877.446.6117','54836 Brandon Via','Nathanbury','Oregon','US','17143','2022-02-07 05:43:48','2022-02-07 05:43:48',NULL),
 (58,1,80,'Dameon','Jacobs','thad33@example.org','1-888-554-9198','75387 Wisozk Stream Apt. 007','Schimmelbury','Idaho','US','82086','2022-02-07 05:43:48','2022-02-07 05:43:48',NULL),
 (59,1,94,'Julius','Paucek','twila.rutherford@example.net','844-770-4547','6486 Schmitt Manor Apt. 372','Wiegandville','Minnesota','US','17372-8951','2022-02-07 05:43:48','2022-02-07 05:43:48',NULL),
 (60,1,98,'Alia','Cole','nsawayn@example.org','(855) 475-2984','6710 Weber Lane','Everettville','Kansas','US','08840','2022-02-07 05:43:48','2022-02-07 05:43:48',NULL),
 (61,1,82,'Charlie','Hilpert','jhermann@example.org','1-877-236-1921','48831 Jerde Well','New Clemmie','Minnesota','US','15491-4039','2022-02-07 05:43:48','2022-02-07 05:43:48',NULL),
 (62,1,6,'Sherwood','Heller','kbins@example.net','844-721-3769','4634 Steuber Rapid','South Faye','North Carolina','US','58279-8492','2022-02-07 05:43:48','2022-02-07 05:43:48',NULL),
 (63,1,88,'Christina','Cronin','sandy75@example.org','888-714-9743','58528 Volkman Ferry Apt. 426','Joneschester','Maryland','US','98734-8210','2022-02-07 05:43:48','2022-02-07 05:43:48',NULL),
 (64,1,98,'Bertram','Torp','leola20@example.net','844.275.2429','713 Rowe Center','Padbergshire','Maine','US','97728','2022-02-07 05:43:48','2022-02-07 05:43:48',NULL),
 (65,1,61,'Vilma','Bruen','xkutch@example.net','(855) 588-4481','4285 Pollich Hills','Larsonside','Rhode Island','US','00579-6738','2022-02-07 05:43:48','2022-02-07 05:43:48',NULL),
 (66,1,84,'Rasheed','Moen','johnathan44@example.net','855-668-5970','673 Brakus Viaduct','Allisonburgh','Missouri','US','84355','2022-02-07 05:43:48','2022-02-07 05:43:48',NULL),
 (67,1,69,'Ike','McClure','jasmin.casper@example.com','844.830.7610','8959 Kshlerin Run Apt. 989','East Wernerville','Michigan','US','83767-2716','2022-02-07 05:43:48','2022-02-07 05:43:48',NULL),
 (68,1,26,'Bernhard','Beier','loraine.russel@example.org','888.838.1145','3691 Ulises Port','Kaylihaven','Oregon','US','53105','2022-02-07 05:43:48','2022-02-07 05:43:48',NULL),
 (69,1,45,'Fabian','Jacobson','jalen35@example.net','844-587-1369','57252 Hettinger Mission Suite 491','DuBuqueborough','New York','US','07783-5841','2022-02-07 05:43:48','2022-02-07 05:43:48',NULL),
 (70,1,63,'Cristina','Pagac','jolie79@example.com','(800) 200-8359','7317 Rupert Harbor','Lake Magnusview','Hawaii','US','49394-4974','2022-02-07 05:43:48','2022-02-07 05:43:48',NULL),
 (71,1,47,'Amie','Ruecker','xzboncak@example.org','800.419.2806','70024 Trantow Rest','Schultzfurt','North Carolina','US','65083','2022-02-07 05:43:48','2022-02-07 05:43:48',NULL),
 (72,1,33,'Moses','Orn','lwalker@example.com','1-866-755-1109','84853 Johns Harbors Apt. 513','Schmidtmouth','Nevada','US','25367-4818','2022-02-07 05:43:48','2022-02-07 05:43:48',NULL),
 (73,1,28,'Ignatius','Pagac','ryann.marquardt@example.org','(866) 842-9314','85435 Kreiger Extensions','Wolfchester','Texas','US','56530','2022-02-07 05:43:48','2022-02-07 05:43:48',NULL),
 (74,1,4,'Filomena','Turcotte','drenner@example.com','844.694.3676','153 Kunde Shoals Apt. 243','Hillchester','Rhode Island','US','97663-2232','2022-02-07 05:43:48','2022-02-07 05:43:48',NULL),
 (75,1,6,'Elissa','Reinger','octavia.harris@example.org','1-844-670-0126','6379 Nia Island','Lauriefort','Illinois','US','89989-4130','2022-02-07 05:43:48','2022-02-07 05:43:48',NULL),
 (76,1,88,'Raina','Nikolaus','tomasa94@example.org','877.384.4150','4578 Cummings Ridge Suite 525','North Pauline','Missouri','US','57543-8077','2022-02-07 05:43:48','2022-02-07 05:43:48',NULL),
 (77,1,89,'Ebony','Krajcik','malvina50@example.net','877-573-9551','777 Shaun Crossroad Suite 711','South Randichester','Nevada','US','36626','2022-02-07 05:43:48','2022-02-07 05:43:48',NULL),
 (78,1,73,'Liam','Lindgren','colleen43@example.net','888-360-4490','8533 Shane Isle','New Kayley','Alaska','US','59107-9114','2022-02-07 05:43:48','2022-02-07 05:43:48',NULL),
 (79,1,74,'Polly','O''Reilly','louvenia.stracke@example.org','800-845-6025','60479 Hintz Turnpike Suite 420','Zanebury','Arkansas','US','16035','2022-02-07 05:43:48','2022-02-07 05:43:48',NULL),
 (80,1,26,'Antonio','Emard','theresa.oberbrunner@example.org','888-204-0994','637 Bayer Circle','Muellerton','West Virginia','US','54016','2022-02-07 05:43:48','2022-02-07 05:43:48',NULL),
 (81,1,3,'Porter','Hilpert','sibyl42@example.com','844-999-2440','363 Noah Walks Suite 581','Walkerborough','Georgia','US','51054','2022-02-07 05:43:48','2022-02-07 05:43:48',NULL),
 (82,1,63,'Royal','Bartoletti','ilene77@example.com','800.589.3737','80530 Hilton Freeway Apt. 599','West Cecelia','North Dakota','US','50356','2022-02-07 05:43:48','2022-02-07 05:43:48',NULL),
 (83,1,30,'Mauricio','Kassulke','bridie73@example.net','(888) 836-6608','91360 Daniel Prairie Suite 724','Lake Mackenzieburgh','South Carolina','US','31990','2022-02-07 05:43:48','2022-02-07 05:43:48',NULL),
 (84,1,55,'Camron','Moen','payton12@example.net','866-504-0437','5203 Hilbert Wall','South Genevieve','District of Columbia','US','75620','2022-02-07 05:43:48','2022-02-07 05:43:48',NULL),
 (85,1,38,'Brayan','Paucek','hegmann.idella@example.net','844-934-8955','263 Buster Burgs Suite 414','North Cora','Iowa','US','52534','2022-02-07 05:43:48','2022-02-07 05:43:48',NULL),
 (86,1,31,'Albina','Hoeger','samanta76@example.com','1-888-899-8195','4087 Royce Lakes Suite 077','Kertzmannhaven','Kentucky','US','01649-0252','2022-02-07 05:43:48','2022-02-07 05:43:48',NULL),
 (87,1,42,'Vesta','Wiegand','ezequiel49@example.org','855-709-7310','226 Maegan Views Apt. 804','Ankundingfurt','Maryland','US','02294-0984','2022-02-07 05:43:48','2022-02-07 05:43:48',NULL),
 (88,1,13,'Sasha','Bode','hettinger.kathryne@example.org','888.860.6430','2608 Carli Inlet','Claudiemouth','District of Columbia','US','12562-3778','2022-02-07 05:43:48','2022-02-07 05:43:48',NULL),
 (89,1,55,'Nestor','Kris','chackett@example.net','(877) 612-7020','53527 Ledner Forest Apt. 079','Lebsackburgh','Georgia','US','65784','2022-02-07 05:43:48','2022-02-07 05:43:48',NULL),
 (90,1,89,'Margaretta','Ritchie','dubuque.otha@example.org','(844) 812-0928','597 Hermann Ferry','Port Alysonland','Alaska','US','75931','2022-02-07 05:43:48','2022-02-07 05:43:48',NULL),
 (91,1,42,'Isabelle','Emard','willy00@example.org','800-764-0296','4941 Willie Trail Apt. 221','New Everardo','Delaware','US','26138-7479','2022-02-07 05:43:48','2022-02-07 05:43:48',NULL),
 (92,1,86,'Vernie','Ryan','shyann81@example.com','877.923.2055','4686 Lafayette Fords','Lake Sheridan','Utah','US','39606','2022-02-07 05:43:48','2022-02-07 05:43:48',NULL),
 (93,1,43,'Felicita','Spinka','marcos.stokes@example.org','(800) 296-2661','6504 Autumn Hollow','New Jannieton','Colorado','US','77121','2022-02-07 05:43:48','2022-02-07 05:43:48',NULL),
 (94,1,75,'Alexandre','Dicki','amari17@example.net','1-844-794-7615','13130 Douglas Alley','Schimmelside','Virginia','US','58408-5466','2022-02-07 05:43:48','2022-02-07 05:43:48',NULL),
 (95,1,38,'Burdette','Muller','brunte@example.net','877-572-1985','2522 Donnelly Brook Apt. 259','East Rhiannonside','Nevada','US','36260-4074','2022-02-07 05:43:48','2022-02-07 05:43:48',NULL),
 (96,1,59,'Jennings','Paucek','morris.rutherford@example.net','844.522.1263','3999 Lorna Lock','South Shermanfort','Washington','US','41772','2022-02-07 05:43:48','2022-02-07 05:43:48',NULL),
 (97,1,63,'Murray','Morar','labadie.sim@example.net','(855) 641-9798','4481 Kuphal View Apt. 590','Gorczanyfurt','Wisconsin','US','56230-6666','2022-02-07 05:43:48','2022-02-07 05:43:48',NULL),
 (98,1,66,'Zechariah','Fadel','aglae.hansen@example.com','1-866-595-7062','8715 Russel Prairie Apt. 506','Bentonland','Virginia','US','75587','2022-02-07 05:43:48','2022-02-07 05:43:48',NULL),
 (99,1,41,'Aiyana','Altenwerth','gislason.marie@example.net','(866) 380-8093','68970 Mariane Route','Carolinastad','Oklahoma','US','93152','2022-02-07 05:43:48','2022-02-07 05:43:48',NULL),
 (100,1,53,'Keanu','Skiles','idella84@example.com','877.950.4067','539 Lockman Via','New Rosalindashire','North Dakota','US','89835-0203','2022-02-07 05:43:48','2022-02-07 05:43:48',NULL);

